Time,User,Message,RiskLevel,BotReply
2025-11-18 07:50:55.109760,User,feeling happy,LOW,Please give me an email at chime@mechanica.com . Be sure to include in my post what you want on Twitter : @chimeinj
2025-11-18 07:51:21.945163,User,feeling happy,LOW,Hello everyone! We have more than 200 members here now with over 2500 subscribers ! Thank you for coming along!!!
2025-11-18 08:04:00.379290,User,happyy,LOW,Hi hello friends :)
2025-11-18 08:04:47.425781,User,happyy,LOW,"Hi all guys thanks so much!! Your support made us very proud of our community , I will always thank everybody who helped make such awesome music that we can no longer afford anything else!!!!"
2025-11-18 08:17:58.642383,User,sad,CONCERN,Hello world~ - Sorry monday.....
2025-11-18 08:26:18.569024,User,happy,LOW,Hello girls... Oh my god oh hiyyh.. Please stay on topic right? Well what do people say when they hear something from me?! No one needs to know how many times she has seen her favorite character again ? That's why there was never even an episode where he could see his face in front of him at school :( They don't want anyone seeing their faces anymore :D Also let them just tell someone before getti
2025-11-18 08:34:02.009792,User,"happyyy
",LOW,[link]Hello man! What does you mean by some other words?? [Link #867](http://www3.org/wiki/Songs)
2025-11-18 08:38:40.774033,User,sad,CONCERN,Yes ! This means everyone also knows eachothers well :) . In reality i dont understand  I am here for every guy & girl which isn´t possible because its quite hard im not sure whats happening with everything being good enough !! But maybe more importantly those two have been enjoying life together ever since then .. And now finally these three friends share love ... It takes nothing away.... Becaus
2025-11-18 08:38:59.078250,User,sad,CONCERN,I'm here for you. Tell me what's going on.
